{"_timestamp": 1603093790.1133766, "_step": 0, "pos_d": 0.6665287613868713, "train_loss": 1.0, "_runtime": 0.7295608520507812, "neg_d": 0.6665287613868713}
