{"_runtime": 2.99560546875, "pos_d": 0.6665287613868713, "neg_d": 0.6665287613868713, "train_loss": 1.0, "_step": 639, "_timestamp": 1603093839.4375017, "num_impacting_samples": 95}
